sample_id,label,data_source,confidence,sample_weight,audio_path,source,channel,domain,url,date
YT_00081,hoax,predicted_hoax,0.90562445,0.8201556444378025,./data/raw/youtube/audio/YT_00081.wav,youtube,METRO TV ,METRO TV ,https://www.youtube.com/watch?v=NRW9r26vlR0,20250807
YT_00867,hoax,predicted_hoax,0.8509966,0.72419521321156,./data/raw/youtube/audio/YT_00867.wav,youtube,Banjarmasin Post News Video,Banjarmasin Post News Video,https://www.youtube.com/watch?v=d-m3fr-LvVo,20250903
YT_00904,hoax,predicted_hoax,0.7720768,0.59610258509824,./data/raw/youtube/audio/YT_00904.wav,youtube,scientialoquendi,scientialoquendi,https://www.youtube.com/watch?v=apEleSRUV-I,20250702
YT_01161,hoax,predicted_hoax,0.7557137,0.57110319636769,./data/raw/youtube/audio/YT_01161.wav,youtube,tvOneNews ,tvOneNews ,https://www.youtube.com/watch?v=32-Lb0EkreM,20251107
YT_00039,hoax,predicted_hoax,0.7114333,0.50613734034889,./data/raw/youtube/audio/YT_00039.wav,youtube,tvOneNews ,tvOneNews ,https://www.youtube.com/watch?v=uebe3zV0AI8,20251015
YT_00046,hoax,predicted_hoax,0.7114333,0.50613734034889,./data/raw/youtube/audio/YT_00046.wav,youtube,tvOneNews ,tvOneNews ,https://www.youtube.com/watch?v=uebe3zV0AI8,20251015
YT_00132,hoax,predicted_hoax,0.7103637,0.50461658627769,./data/raw/youtube/audio/YT_00132.wav,youtube,METRO TV ,METRO TV ,https://www.youtube.com/watch?v=ZzeTtuLuf5E,20250815
YT_00665,hoax,predicted_hoax,0.7081671,0.50150064152241,./data/raw/youtube/audio/YT_00665.wav,youtube,Veritas Aktual,Veritas Aktual,https://www.youtube.com/watch?v=yekw0fusGh4,20251007
YT_00768,hoax,reclassified,0.6999324,0.48990536456976,./data/raw/youtube/audio/YT_00768.wav,youtube,TVAsuransi,TVAsuransi,https://www.youtube.com/watch?v=raZEWUlZlso,20250202
YT_01042,hoax,reclassified,0.6961417,0.48461326647888997,./data/raw/youtube/audio/YT_01042.wav,youtube,Kompas.com,Kompas.com,https://www.youtube.com/watch?v=XdAvKDQWul4,20250910
YT_00011,hoax,predicted_hoax,0.68284506,0.4662773759664036,./data/raw/youtube/audio/YT_00011.wav,youtube,Kompas.com,Kompas.com,https://www.youtube.com/watch?v=E7O5OwNqpxg,20251011
YT_00686,hoax,reclassified,0.68192726,0.46502478793110763,./data/raw/youtube/audio/YT_00686.wav,youtube,TV Tempo,TV Tempo,https://www.youtube.com/watch?v=IB9dlrx5dzE,20250909
YT_00457,hoax,reclassified,0.680788,0.46347230094399994,./data/raw/youtube/audio/YT_00457.wav,youtube,Tribun Sumsel,Tribun Sumsel,https://www.youtube.com/watch?v=OtcMH-lEhro,20251104
YT_00868,hoax,reclassified,0.6786777,0.4606034204772901,./data/raw/youtube/audio/YT_00868.wav,youtube,Tribunnews,Tribunnews,https://www.youtube.com/watch?v=zPGdMjTXpDA,20251024
YT_00488,hoax,reclassified,0.67696655,0.45828370981890243,./data/raw/youtube/audio/YT_00488.wav,youtube,Ringkas Saja,Ringkas Saja,https://www.youtube.com/watch?v=m1WHL1eO9HA,20250519
YT_01355,hoax,reclassified,0.67229086,0.45197500043953964,./data/raw/youtube/audio/YT_01355.wav,youtube,METRO TV ,METRO TV ,https://www.youtube.com/watch?v=CpUVble8JjM,20251105
YT_00078,hoax,reclassified,0.66679525,0.4446159054225624,./data/raw/youtube/audio/YT_00078.wav,youtube,tvOneNews ,tvOneNews ,https://www.youtube.com/watch?v=kKhW4JxeY88,20251024
YT_00827,hoax,reclassified,0.66347605,0.4402004689236025,./data/raw/youtube/audio/YT_00827.wav,youtube,Kompas.com,Kompas.com,https://www.youtube.com/watch?v=eDgmG9_gagc,20250921
YT_00426,hoax,reclassified,0.6615274,0.43761850095076,./data/raw/youtube/audio/YT_00426.wav,youtube,Forbes Breaking News,Forbes Breaking News,https://www.youtube.com/watch?v=zH61Zhbipy0,20251031
YT_00350,hoax,reclassified,0.66140527,0.43745693118377293,./data/raw/youtube/audio/YT_00350.wav,youtube,BWS Sumatera VII Bengkulu,BWS Sumatera VII Bengkulu,https://www.youtube.com/watch?v=gEYz0Vqq1rk,20251020
YT_00300,hoax,reclassified,0.64719385,0.41885987947782244,./data/raw/youtube/audio/YT_00300.wav,youtube,WION,WION,https://www.youtube.com/watch?v=wBUcfJLvWSo,20250902
YT_01046,hoax,reclassified,0.6470556,0.4186809494913599,./data/raw/youtube/audio/YT_01046.wav,youtube,tvOneNews ,tvOneNews ,https://www.youtube.com/watch?v=LzEOY68KQMU,20250923
YT_00231,hoax,reclassified,0.6377355,0.40670656796025,./data/raw/youtube/audio/YT_00231.wav,youtube,tvOneNews ,tvOneNews ,https://www.youtube.com/watch?v=b6tAUtMV2Ns,20251030
YT_01003,hoax,reclassified,0.6316762,0.39901482164644003,./data/raw/youtube/audio/YT_01003.wav,youtube,KOMPASTV,KOMPASTV,https://www.youtube.com/watch?v=XhNLBKfW9Oc,20250523
YT_00559,hoax,reclassified,0.6314403,0.39871685246408994,./data/raw/youtube/audio/YT_00559.wav,youtube,Tribunnews,Tribunnews,https://www.youtube.com/watch?v=m7P63fUK9Gw,20251104
YT_00638,hoax,reclassified,0.6288135,0.39540641778225005,./data/raw/youtube/audio/YT_00638.wav,youtube,Noirna,Noirna,https://www.youtube.com/watch?v=fHHTvV5nb14,20250822
YT_01146,hoax,reclassified,0.62827677,0.39473169972163297,./data/raw/youtube/audio/YT_01146.wav,youtube,tvOneNews ,tvOneNews ,https://www.youtube.com/watch?v=FlnS40jpswU,20250903
YT_00842,hoax,predicted_hoax,0.6180735,0.38201485140225006,./data/raw/youtube/audio/YT_00842.wav,youtube,METRO TV ,METRO TV ,https://www.youtube.com/watch?v=dETvgogJXlc,20251018
YT_01337,hoax,reclassified,0.60565007,0.36681200729100494,./data/raw/youtube/audio/YT_01337.wav,youtube,Tribunnews,Tribunnews,https://www.youtube.com/watch?v=BV0XrdsaJSo,20251007
YT_01522,hoax,reclassified,0.6026095,0.36313820949025,./data/raw/youtube/audio/YT_01522.wav,youtube,Tribunnews,Tribunnews,https://www.youtube.com/watch?v=aIc9a4lLUsc,20251025
YT_00033,hoax,reclassified,0.5985003,0.35820260910009,./data/raw/youtube/audio/YT_00033.wav,youtube,tvOneNews ,tvOneNews ,https://www.youtube.com/watch?v=ibfH_cJ1Tls,20250718
YT_01500,hoax,reclassified,0.5936828,0.35245926701583996,./data/raw/youtube/audio/YT_01500.wav,youtube,KompasTV Jember,KompasTV Jember,https://www.youtube.com/watch?v=epEGvx7iubU,20250618
YT_00527,hoax,reclassified,0.5925427,0.35110685132328995,./data/raw/youtube/audio/YT_00527.wav,youtube,Kompas.com,Kompas.com,https://www.youtube.com/watch?v=2cAsSJzVztU,20241203
YT_01515,hoax,predicted_hoax,0.592205,0.35070676202499995,./data/raw/youtube/audio/YT_01515.wav,youtube,Daniel K. Inouye Asia-Pacific Center for Security Studies,Daniel K. Inouye Asia-Pacific Center for Security Studies,https://www.youtube.com/watch?v=z1TR06DkKyk,20250710
YT_00845,hoax,predicted_hoax,0.5815574,0.33820900949476,./data/raw/youtube/audio/YT_00845.wav,youtube,Official iNews,Official iNews,https://www.youtube.com/watch?v=BSBCfw2XSpY,20251020
YT_00295,hoax,predicted_hoax,0.57986367,0.33624187578586895,./data/raw/youtube/audio/YT_00295.wav,youtube,PBS NewsHour,PBS NewsHour,https://www.youtube.com/watch?v=eyuNfHUYey0,20250907
YT_00221,hoax,reclassified,0.57925165,0.3355324740277225,./data/raw/youtube/audio/YT_00221.wav,youtube,METRO TV ,METRO TV ,https://www.youtube.com/watch?v=8vr9FZW-SNg,20251031
YT_00510,hoax,reclassified,0.5669246,0.32140350208516,./data/raw/youtube/audio/YT_00510.wav,youtube,tvOneNews ,tvOneNews ,https://www.youtube.com/watch?v=yUHBDTPWS6k,20251028
YT_01166,hoax,reclassified,0.56045043,0.314104684487185,./data/raw/youtube/audio/YT_01166.wav,youtube,Mahkamah Konstitusi RI,Mahkamah Konstitusi RI,https://www.youtube.com/watch?v=-TwNVynVBcA,20250909
YT_00035,hoax,predicted_hoax,0.5571535,0.31042002256225,./data/raw/youtube/audio/YT_00035.wav,youtube,Wakil Presiden Republik Indonesia,Wakil Presiden Republik Indonesia,https://www.youtube.com/watch?v=6VqmcAAsA5E,20250331
YT_00529,hoax,predicted_hoax,0.5518689,0.30455928278721,./data/raw/youtube/audio/YT_00529.wav,youtube,SINDOnews,SINDOnews,https://www.youtube.com/watch?v=kMaxDGEWJNA,20241021
YT_01213,hoax,predicted_hoax,0.549186,0.30160526259599996,./data/raw/youtube/audio/YT_01213.wav,youtube,KONTAN TV,KONTAN TV,https://www.youtube.com/watch?v=Fn8mYl8rbQI,20250814
YT_00363,hoax,reclassified,0.549045,0.301450412025,./data/raw/youtube/audio/YT_00363.wav,youtube,CNA,CNA,https://www.youtube.com/watch?v=9z6eV0UXT5s,20241021
YT_00609,hoax,reclassified,0.5436903,0.29559914231408996,./data/raw/youtube/audio/YT_00609.wav,youtube,Official iNews,Official iNews,https://www.youtube.com/watch?v=PdyAvL8soVQ,20251024
YT_00382,hoax,predicted_hoax,0.5370297,0.28840089868209007,./data/raw/youtube/audio/YT_00382.wav,youtube,media ngasal,media ngasal,https://www.youtube.com/watch?v=rbdKzgBivbM,20251026
YT_01018,hoax,reclassified,0.5241244,0.27470638667536007,./data/raw/youtube/audio/YT_01018.wav,youtube,Pengadilan Negeri Negara,Pengadilan Negeri Negara,https://www.youtube.com/watch?v=C_XaftvmoMg,20250811
YT_00261,hoax,predicted_hoax,0.5226921,0.27320703140241,./data/raw/youtube/audio/YT_00261.wav,youtube,Kompas.com,Kompas.com,https://www.youtube.com/watch?v=hx_fvI05Lx0,20251029
YT_00416,hoax,reclassified,0.51207227,0.2622180097029529,./data/raw/youtube/audio/YT_00416.wav,youtube," 786,FactPulse"," 786,FactPulse",https://www.youtube.com/watch?v=tDC8SAkqhoM,20251031
YT_00526,hoax,predicted_hoax,0.5112968,0.26142441769024,./data/raw/youtube/audio/YT_00526.wav,youtube,Media Indonesia,Media Indonesia,https://www.youtube.com/watch?v=BLI3O2TSFKw,20250908
YT_00593,hoax,reclassified,0.50996035,0.26005955857212243,./data/raw/youtube/audio/YT_00593.wav,youtube,METRO TV ,METRO TV ,https://www.youtube.com/watch?v=y-S4afI6wPc,20250909
YT_00675,hoax,predicted_hoax,0.50288403,0.25289234762904095,./data/raw/youtube/audio/YT_00675.wav,youtube,Veritas Aktual,Veritas Aktual,https://www.youtube.com/watch?v=e2_cSpa0tsA,20251007
YT_00839,hoax,predicted_hoax,0.5026624,0.25266948837375997,./data/raw/youtube/audio/YT_00839.wav,youtube,Harian Surya,Harian Surya,https://www.youtube.com/watch?v=0sex-CP43oA,20251102
YT_00441,valid,high_confidence,0.9949492,0.98992391058064,./data/raw/youtube/audio/YT_00441.wav,youtube,IDX CHANNEL,IDX CHANNEL,https://www.youtube.com/watch?v=CGJmj4Q_Uok,20251104
YT_01152,valid,high_confidence,0.9924583,0.9849734772388901,./data/raw/youtube/audio/YT_01152.wav,youtube,TVR PARLEMEN,TVR PARLEMEN,https://www.youtube.com/watch?v=pNkWV0hr2sA,20241223
YT_00458,valid,high_confidence,0.9921681,0.98439753865761,./data/raw/youtube/audio/YT_00458.wav,youtube,Tribun Pontianak,Tribun Pontianak,https://www.youtube.com/watch?v=gHfU0pnFHMs,20251103
YT_01315,valid,high_confidence,0.9920474,0.9841580438467601,./data/raw/youtube/audio/YT_01315.wav,youtube,Kemensos RI,Kemensos RI,https://www.youtube.com/watch?v=RzZcTd9IOuA,20251021
YT_00258,valid,high_confidence,0.9920121,0.9840880065464099,./data/raw/youtube/audio/YT_00258.wav,youtube,moneycontrol,moneycontrol,https://www.youtube.com/watch?v=HprMUWWcvcc,20251025
YT_00128,valid,high_confidence,0.9913112,0.9826978952454399,./data/raw/youtube/audio/YT_00128.wav,youtube,Harian Kompas,Harian Kompas,https://www.youtube.com/watch?v=dNmFuxJLH8w,20251028
YT_00123,valid,high_confidence,0.991,0.982081,./data/raw/youtube/audio/YT_00123.wav,youtube,Official iNews,Official iNews,https://www.youtube.com/watch?v=flkqzFIdI4w,20251030
YT_00215,valid,high_confidence,0.991,0.982081,./data/raw/youtube/audio/YT_00215.wav,youtube,Official iNews,Official iNews,https://www.youtube.com/watch?v=flkqzFIdI4w,20251030
YT_00466,valid,high_confidence,0.99083227,0.9817485872733528,./data/raw/youtube/audio/YT_00466.wav,youtube,tvOneNews ,tvOneNews ,https://www.youtube.com/watch?v=KpLnA6d_bS4,20251104
YT_01014,valid,high_confidence,0.99079764,0.9816799634295696,./data/raw/youtube/audio/YT_01014.wav,youtube,Pengadilan Negeri Negara,Pengadilan Negeri Negara,https://www.youtube.com/watch?v=yj0sypUlHHY,20250302
YT_00170,valid,high_confidence,0.9907115,0.9815092762322499,./data/raw/youtube/audio/YT_00170.wav,youtube,CNBC Indonesia,CNBC Indonesia,https://www.youtube.com/watch?v=5MqMu2-d9Z4,20251010
YT_01226,valid,high_confidence,0.9907064,0.98149917100096,./data/raw/youtube/audio/YT_01226.wav,youtube,IDX CHANNEL,IDX CHANNEL,https://www.youtube.com/watch?v=pp8gcF-fJwM,20251101
YT_01209,valid,high_confidence,0.99060273,0.9812937686834529,./data/raw/youtube/audio/YT_01209.wav,youtube,METRO TV ,METRO TV ,https://www.youtube.com/watch?v=lWuM5FREB48,20250628
YT_00366,valid,high_confidence,0.9905337,0.98115701083569,./data/raw/youtube/audio/YT_00366.wav,youtube,tvOneNews ,tvOneNews ,https://www.youtube.com/watch?v=SjloTgmd2Js,20251104
YT_00218,valid,high_confidence,0.9905337,0.98115701083569,./data/raw/youtube/audio/YT_00218.wav,youtube,KOMPASTV,KOMPASTV,https://www.youtube.com/watch?v=w51SmegjlFs,20251030
YT_00558,valid,high_confidence,0.99038893,0.9808702326665448,./data/raw/youtube/audio/YT_00558.wav,youtube,KOMPASTV,KOMPASTV,https://www.youtube.com/watch?v=2PG9_DSQN6M,20250921
YT_01385,valid,high_confidence,0.9901434,0.98038395256356,./data/raw/youtube/audio/YT_01385.wav,youtube,tvOneNews ,tvOneNews ,https://www.youtube.com/watch?v=fHD83vhZHXI,20251031
YT_01154,valid,high_confidence,0.9900676,0.9802338525697601,./data/raw/youtube/audio/YT_01154.wav,youtube,The Financial Express,The Financial Express,https://www.youtube.com/watch?v=OXyIsVCmDhs,20251031
YT_00821,valid,high_confidence,0.9899177,0.97993705277329,./data/raw/youtube/audio/YT_00821.wav,youtube,Tribun Kaltim Official,Tribun Kaltim Official,https://www.youtube.com/watch?v=dACklkVRhLk,20251102
YT_01370,valid,high_confidence,0.9898727,0.9798479622052901,./data/raw/youtube/audio/YT_01370.wav,youtube,Tribunnews,Tribunnews,https://www.youtube.com/watch?v=UTP7ZgqufhU,20251104
YT_01438,valid,high_confidence,0.9897419,0.9795890286156099,./data/raw/youtube/audio/YT_01438.wav,youtube,INFO PAGI,INFO PAGI,https://www.youtube.com/watch?v=Zf-JZitKuPE,20250731
YT_00536,valid,high_confidence,0.989652,0.979411081104,./data/raw/youtube/audio/YT_00536.wav,youtube,Liputan6,Liputan6,https://www.youtube.com/watch?v=uPC5ts-8rLI,20251105
YT_00288,valid,high_confidence,0.9895864,0.97928124306496,./data/raw/youtube/audio/YT_00288.wav,youtube,KOMPASTV,KOMPASTV,https://www.youtube.com/watch?v=yqc30ynJui8,20251022
YT_01314,valid,high_confidence,0.9895475,0.9792042547562501,./data/raw/youtube/audio/YT_01314.wav,youtube,Kemensos RI,Kemensos RI,https://www.youtube.com/watch?v=ucCbJ42w-HM,20251010
YT_00053,valid,high_confidence,0.9894505,0.97901229195025,./data/raw/youtube/audio/YT_00053.wav,youtube,BBC News Indonesia,BBC News Indonesia,https://www.youtube.com/watch?v=jWjoYMAUm8w,20250804
YT_00480,valid,high_confidence,0.9892993,0.97871310498049,./data/raw/youtube/audio/YT_00480.wav,youtube,Toll News,Toll News,https://www.youtube.com/watch?v=fgMNY-iulto,20251027
YT_00414,valid,high_confidence,0.9891521,0.97842187693441,./data/raw/youtube/audio/YT_00414.wav,youtube,GARUDA TV,GARUDA TV,https://www.youtube.com/watch?v=yd_M2HRLKFU,20251105
YT_01338,valid,high_confidence,0.9891306,0.9783793438563599,./data/raw/youtube/audio/YT_01338.wav,youtube,Tribun Sumsel,Tribun Sumsel,https://www.youtube.com/watch?v=LHH3kr3uuf8,20251021
YT_00769,valid,high_confidence,0.98895735,0.9780366401190224,./data/raw/youtube/audio/YT_00769.wav,youtube,KOMPASTV KENDARI,KOMPASTV KENDARI,https://www.youtube.com/watch?v=bhTbYPDTZC8,20241230
YT_00463,valid,high_confidence,0.9889444,0.9780110262913599,./data/raw/youtube/audio/YT_00463.wav,youtube,KOMPASTV,KOMPASTV,https://www.youtube.com/watch?v=1GsJFwOsGw8,20251104
YT_00056,valid,high_confidence,0.9889065,0.97793606574225,./data/raw/youtube/audio/YT_00056.wav,youtube,Harian Kompas,Harian Kompas,https://www.youtube.com/watch?v=xsnLGtYdwDo,20250801
YT_00506,valid,high_confidence,0.9888003,0.9777260332800899,./data/raw/youtube/audio/YT_00506.wav,youtube,BBC News Indonesia,BBC News Indonesia,https://www.youtube.com/watch?v=MmJFbvb4Aq0,20250528
YT_00697,valid,high_confidence,0.9887948,0.97771515650704,./data/raw/youtube/audio/YT_00697.wav,youtube,Kompas.com,Kompas.com,https://www.youtube.com/watch?v=yE0t0hBtJ14,20251003
YT_01497,valid,high_confidence,0.98860323,0.977336346366433,./data/raw/youtube/audio/YT_01497.wav,youtube,Sin Po tv,Sin Po tv,https://www.youtube.com/watch?v=E2TECjjrV7s,20250110
YT_00092,valid,high_confidence,0.9885423,0.97721587888929,./data/raw/youtube/audio/YT_00092.wav,youtube,Mahkamah Agung Republik Indonesia,Mahkamah Agung Republik Indonesia,https://www.youtube.com/watch?v=XGwJYx8vCF4,20241122
YT_00164,valid,high_confidence,0.9885252,0.97718207103504,./data/raw/youtube/audio/YT_00164.wav,youtube,IDX Channel Insight,IDX Channel Insight,https://www.youtube.com/watch?v=dnF7qSmly0I,20250916
YT_00187,valid,high_confidence,0.98845077,0.977034924713593,./data/raw/youtube/audio/YT_00187.wav,youtube,Tribun MedanTV,Tribun MedanTV,https://www.youtube.com/watch?v=DpWBxlArUQI,20251007
YT_00956,valid,high_confidence,0.9883918,0.9769183503072401,./data/raw/youtube/audio/YT_00956.wav,youtube,Tribunnews,Tribunnews,https://www.youtube.com/watch?v=Ab3eAdLjXV8,20251107
YT_00012,valid,high_confidence,0.98825467,0.976647292776809,./data/raw/youtube/audio/YT_00012.wav,youtube,tvOneNews ,tvOneNews ,https://www.youtube.com/watch?v=UVaPwaNh9Ts,20241023
YT_01049,valid,high_confidence,0.98819053,0.976520523581681,./data/raw/youtube/audio/YT_01049.wav,youtube,DPR RI,DPR RI,https://www.youtube.com/watch?v=RhSHZSlsvjs,20250422
YT_01169,valid,high_confidence,0.9881544,0.97644911823936,./data/raw/youtube/audio/YT_01169.wav,youtube,tvOneNews ,tvOneNews ,https://www.youtube.com/watch?v=BOxpcfKvCGA,20250925
YT_01162,valid,high_confidence,0.98814756,0.9764356003339537,./data/raw/youtube/audio/YT_01162.wav,youtube,tvOneNews ,tvOneNews ,https://www.youtube.com/watch?v=5vZQUwigLpo,20250928
YT_01354,valid,high_confidence,0.9879815,0.9761074443422499,./data/raw/youtube/audio/YT_01354.wav,youtube,Tribun MedanTV,Tribun MedanTV,https://www.youtube.com/watch?v=emRN9d0K8ug,20251104
YT_01151,valid,high_confidence,0.9879578,0.97606061458084,./data/raw/youtube/audio/YT_01151.wav,youtube,UBTV BRAWIJAYA,UBTV BRAWIJAYA,https://www.youtube.com/watch?v=BTD6urCT2Xw,20241225
YT_01524,valid,high_confidence,0.98791796,0.9759818956905616,./data/raw/youtube/audio/YT_01524.wav,youtube,tvOneNews ,tvOneNews ,https://www.youtube.com/watch?v=wzGc1HX76MQ,20251026
YT_00230,valid,high_confidence,0.9877814,0.97571209418596,./data/raw/youtube/audio/YT_00230.wav,youtube,tvOneNews ,tvOneNews ,https://www.youtube.com/watch?v=vxu5Lspc9KA,20251030
YT_00085,valid,high_confidence,0.9877244,0.9755994903553599,./data/raw/youtube/audio/YT_00085.wav,youtube,METRO TV ,METRO TV ,https://www.youtube.com/watch?v=3pUfS32vgFk,20250821
YT_00225,valid,high_confidence,0.9875803,0.97531484894809,./data/raw/youtube/audio/YT_00225.wav,youtube,tribunjabar video,tribunjabar video,https://www.youtube.com/watch?v=axJaXwiWFDY,20251030
YT_01445,valid,high_confidence,0.98751765,0.9751911090615225,./data/raw/youtube/audio/YT_01445.wav,youtube,INFO PAGI,INFO PAGI,https://www.youtube.com/watch?v=WE4SU-KW_sg,20250826
YT_00871,valid,high_confidence,0.98743033,0.975018656603909,./data/raw/youtube/audio/YT_00871.wav,youtube,TribunJakarta Official,TribunJakarta Official,https://www.youtube.com/watch?v=ZpQ_j1cwLyo,20250702
YT_00322,valid,high_confidence,0.9874164,0.97499114698896,./data/raw/youtube/audio/YT_00322.wav,youtube,Harian Kompas,Harian Kompas,https://www.youtube.com/watch?v=s9cR_ddTkTY,20250921
YT_01089,valid,high_confidence,0.98716134,0.9744875111905956,./data/raw/youtube/audio/YT_01089.wav,youtube,Kompas.com,Kompas.com,https://www.youtube.com/watch?v=3L0iJGztCoY,20250430
YT_00241,valid,high_confidence,0.9871179,0.97440174850041,./data/raw/youtube/audio/YT_00241.wav,youtube,CNN Indonesia,CNN Indonesia,https://www.youtube.com/watch?v=E9yNnvn63cA,20251021
YT_00781,valid,high_confidence,0.9870258,0.9742199298656399,./data/raw/youtube/audio/YT_00781.wav,youtube,MD Universe,MD Universe,https://www.youtube.com/watch?v=xMBJ3HW2TKY,20250424
YT_00013,valid,high_confidence,0.9870221,0.9742126258884101,./data/raw/youtube/audio/YT_00013.wav,youtube,METRO TV ,METRO TV ,https://www.youtube.com/watch?v=36Pr1rElqkQ,20250908
YT_00437,valid,high_confidence,0.9869925,0.9741541950562501,./data/raw/youtube/audio/YT_00437.wav,youtube,CNBC Indonesia,CNBC Indonesia,https://www.youtube.com/watch?v=JCm0kHRIN_k,20250429
YT_01439,valid,high_confidence,0.98699135,0.9741519249748226,./data/raw/youtube/audio/YT_01439.wav,youtube,RADAR KEDIRI TV (RKTV),RADAR KEDIRI TV (RKTV),https://www.youtube.com/watch?v=vy8veZBiVlY,20250818
YT_00386,valid,high_confidence,0.9869675,0.97410484605625,./data/raw/youtube/audio/YT_00386.wav,youtube,BeritaSatu,BeritaSatu,https://www.youtube.com/watch?v=xYQZ3sKL5Qk,20241129
YT_00886,valid,high_confidence,0.98694485,0.9740601369415225,./data/raw/youtube/audio/YT_00886.wav,youtube,METRO TV ,METRO TV ,https://www.youtube.com/watch?v=omPOaLOHtpI,20241122
YT_01163,valid,high_confidence,0.9867885,0.9737515437322499,./data/raw/youtube/audio/YT_01163.wav,youtube,KOMPASTV,KOMPASTV,https://www.youtube.com/watch?v=MXNV4_kum4U,20250901
YT_01374,valid,high_confidence,0.9867203,0.97361695043209,./data/raw/youtube/audio/YT_01374.wav,youtube,Tribun Jateng,Tribun Jateng,https://www.youtube.com/watch?v=e-AVtTtEVVY,20251106
YT_00727,valid,high_confidence,0.98671454,0.9736055834474117,./data/raw/youtube/audio/YT_00727.wav,youtube,KOMPASTV,KOMPASTV,https://www.youtube.com/watch?v=1pXE-70kNRg,20251029
YT_00953,valid,high_confidence,0.9864855,0.97315364171025,./data/raw/youtube/audio/YT_00953.wav,youtube,KOMPASTV,KOMPASTV,https://www.youtube.com/watch?v=_kyVzd-38Bg,20251104
YT_01525,valid,high_confidence,0.98647887,0.9731405609564769,./data/raw/youtube/audio/YT_01525.wav,youtube,KOMPASTV,KOMPASTV,https://www.youtube.com/watch?v=iGpKZzLKP68,20251028
YT_01319,valid,high_confidence,0.9864659,0.97311497186281,./data/raw/youtube/audio/YT_01319.wav,youtube,Kemensos RI,Kemensos RI,https://www.youtube.com/watch?v=TMi3GPWoO3E,20250912
YT_01406,valid,high_confidence,0.98645115,0.9730858713363226,./data/raw/youtube/audio/YT_01406.wav,youtube,Tribunnews,Tribunnews,https://www.youtube.com/watch?v=oUj9GSgeWFE,20251029
YT_00542,valid,high_confidence,0.9864248,0.9730338860550399,./data/raw/youtube/audio/YT_00542.wav,youtube,KOMPASTV,KOMPASTV,https://www.youtube.com/watch?v=dKCm1st0e1s,20251026
YT_00195,valid,high_confidence,0.9864006,0.97298614368036,./data/raw/youtube/audio/YT_00195.wav,youtube,CEK BANSOS,CEK BANSOS,https://www.youtube.com/watch?v=yH0WDzDWkko,20251029
YT_00107,valid,high_confidence,0.98636603,0.9729179451379609,./data/raw/youtube/audio/YT_00107.wav,youtube,METRO TV ,METRO TV ,https://www.youtube.com/watch?v=H-OJb4wOmtU,20250502
YT_00064,valid,high_confidence,0.9863486,0.97288356072196,./data/raw/youtube/audio/YT_00064.wav,youtube,KOMPASTV,KOMPASTV,https://www.youtube.com/watch?v=XUpZQlm9Gc0,20241203
YT_00537,valid,high_confidence,0.98630166,0.9727909645187556,./data/raw/youtube/audio/YT_00537.wav,youtube,Tribunnews,Tribunnews,https://www.youtube.com/watch?v=H7caL9s_36Q,20250919
YT_01431,valid,high_confidence,0.98628867,0.9727653405703689,./data/raw/youtube/audio/YT_01431.wav,youtube,Tribun Jateng,Tribun Jateng,https://www.youtube.com/watch?v=1j6BGuZHMk4,20250928
YT_00002,valid,high_confidence,0.98617804,0.9725471265782416,./data/raw/youtube/audio/YT_00002.wav,youtube,KOMPASTV,KOMPASTV,https://www.youtube.com/watch?v=n7rRd0IF_yc,20251024
YT_00028,valid,high_confidence,0.98617804,0.9725471265782416,./data/raw/youtube/audio/YT_00028.wav,youtube,KOMPASTV,KOMPASTV,https://www.youtube.com/watch?v=n7rRd0IF_yc,20251024
YT_00017,valid,high_confidence,0.98617804,0.9725471265782416,./data/raw/youtube/audio/YT_00017.wav,youtube,KOMPASTV,KOMPASTV,https://www.youtube.com/watch?v=n7rRd0IF_yc,20251024
YT_00030,valid,high_confidence,0.98608506,0.9723637455552036,./data/raw/youtube/audio/YT_00030.wav,youtube,KOMPASTV,KOMPASTV,https://www.youtube.com/watch?v=B4n7p0zeujw,20251029
YT_01168,valid,high_confidence,0.98604923,0.9722930839835929,./data/raw/youtube/audio/YT_01168.wav,youtube,Tribunnews,Tribunnews,https://www.youtube.com/watch?v=t6kmYHlMetA,20251103
YT_01206,valid,high_confidence,0.9859511,0.97209957159121,./data/raw/youtube/audio/YT_01206.wav,youtube,CNN Indonesia,CNN Indonesia,https://www.youtube.com/watch?v=gRMmZw6WwJo,20250913
YT_00154,valid,high_confidence,0.9859174,0.9720331196227601,./data/raw/youtube/audio/YT_00154.wav,youtube,METRO TV ,METRO TV ,https://www.youtube.com/watch?v=UiadgAg4ArU,20250715
YT_00456,valid,high_confidence,0.98589236,0.9719837455063697,./data/raw/youtube/audio/YT_00456.wav,youtube,CNN Indonesia,CNN Indonesia,https://www.youtube.com/watch?v=vVPNTso3rF4,20250429
YT_00185,valid,high_confidence,0.9858731,0.9719457693036099,./data/raw/youtube/audio/YT_00185.wav,youtube,METRO TV ,METRO TV ,https://www.youtube.com/watch?v=5TOuC6w4sYk,20251002
YT_01369,valid,high_confidence,0.98578346,0.9717690300095715,./data/raw/youtube/audio/YT_01369.wav,youtube,Tribunnews,Tribunnews,https://www.youtube.com/watch?v=Fjy3JcsgJTU,20251028
YT_00447,valid,high_confidence,0.9857152,0.97163445551104,./data/raw/youtube/audio/YT_00447.wav,youtube,Tribun Singkawang,Tribun Singkawang,https://www.youtube.com/watch?v=Eg2HRjvUuaE,20251103
YT_01356,valid,high_confidence,0.9855769,0.97136182581361,./data/raw/youtube/audio/YT_01356.wav,youtube,Tribunnews,Tribunnews,https://www.youtube.com/watch?v=-j0Ia9ydk4o,20251104
YT_00086,valid,high_confidence,0.98548025,0.9711713231400624,./data/raw/youtube/audio/YT_00086.wav,youtube,METRO TV ,METRO TV ,https://www.youtube.com/watch?v=uUpBCbdjD9U,20250317
YT_01381,valid,high_confidence,0.98535526,0.9709249884096676,./data/raw/youtube/audio/YT_01381.wav,youtube,SINDOnews,SINDOnews,https://www.youtube.com/watch?v=LDEHaUnO-Kg,20251103
YT_00411,valid,high_confidence,0.98530537,0.9708266721508368,./data/raw/youtube/audio/YT_00411.wav,youtube,PN Sumber,PN Sumber,https://www.youtube.com/watch?v=hCakqsIsvE0,20251022
YT_00244,valid,high_confidence,0.98513955,0.9704999329742025,./data/raw/youtube/audio/YT_00244.wav,youtube,M18 PROJECT,M18 PROJECT,https://www.youtube.com/watch?v=i5P19scxWWg,20250607
YT_01179,valid,high_confidence,0.9850953,0.97041275008209,./data/raw/youtube/audio/YT_01179.wav,youtube,METRO TV ,METRO TV ,https://www.youtube.com/watch?v=aKdqX4uqWHA,20251103
YT_01256,valid,high_confidence,0.98495483,0.9701360171403288,./data/raw/youtube/audio/YT_01256.wav,youtube,TVR PARLEMEN,TVR PARLEMEN,https://www.youtube.com/watch?v=oI30Kt3-m6A,20250930
YT_01359,valid,high_confidence,0.9848713,0.9699714775636901,./data/raw/youtube/audio/YT_01359.wav,youtube,BeritaSatu,BeritaSatu,https://www.youtube.com/watch?v=H2h1GmD1Nmc,20251107
YT_01160,valid,high_confidence,0.98477364,0.9697791220388496,./data/raw/youtube/audio/YT_01160.wav,youtube,Tribun Timur,Tribun Timur,https://www.youtube.com/watch?v=rLPN2nUpKxs,20250717
YT_00125,valid,high_confidence,0.9847268,0.96968687063824,./data/raw/youtube/audio/YT_00125.wav,youtube,Official iNews,Official iNews,https://www.youtube.com/watch?v=7CuiroAs7vY,20251027
YT_01371,valid,high_confidence,0.9846631,0.96956142050161,./data/raw/youtube/audio/YT_01371.wav,youtube,Tribunnews,Tribunnews,https://www.youtube.com/watch?v=NPLMaQXi5jM,20251107
YT_00166,valid,high_confidence,0.9846549,0.96954527209401,./data/raw/youtube/audio/YT_00166.wav,youtube,METRO TV ,METRO TV ,https://www.youtube.com/watch?v=Mu4L48z47_c,20250319
YT_00465,valid,high_confidence,0.9845271,0.96929361063441,./data/raw/youtube/audio/YT_00465.wav,youtube,tvOneNews ,tvOneNews ,https://www.youtube.com/watch?v=f2iUUotS3FQ,20251101
YT_00073,valid,high_confidence,0.98443675,0.9691157147505625,./data/raw/youtube/audio/YT_00073.wav,youtube,METRO TV ,METRO TV ,https://www.youtube.com/watch?v=d7NKcGEj6Zw,20250906
YT_01482,valid,high_confidence,0.98440325,0.9690497586105624,./data/raw/youtube/audio/YT_01482.wav,youtube,Hikvision Indonesia Corporate Channel,Hikvision Indonesia Corporate Channel,https://www.youtube.com/watch?v=lGw8rQ3WLcY,20250817
YT_00317,valid,high_confidence,0.9842374,0.96872325955876,./data/raw/youtube/audio/YT_00317.wav,youtube,Tribun Kaltim Official,Tribun Kaltim Official,https://www.youtube.com/watch?v=FQUFP7MhPZA,20241214
YT_00718,valid,high_confidence,0.9842286,0.96870593705796,./data/raw/youtube/audio/YT_00718.wav,youtube,Banjarmasin Post News Video,Banjarmasin Post News Video,https://www.youtube.com/watch?v=ZGIW7TAqjxo,20251024
YT_00269,valid,high_confidence,0.9841201,0.9684923712240101,./data/raw/youtube/audio/YT_00269.wav,youtube,METRO TV ,METRO TV ,https://www.youtube.com/watch?v=p47PXiVOW5M,20251026
YT_01442,valid,high_confidence,0.98409975,0.9684523179500626,./data/raw/youtube/audio/YT_01442.wav,youtube,Top Konstruksi,Top Konstruksi,https://www.youtube.com/watch?v=i-XvkugmBYI,20250530
YT_00060,valid,high_confidence,0.9840163,0.9682880786656899,./data/raw/youtube/audio/YT_00060.wav,youtube,Sekretariat Presiden,Sekretariat Presiden,https://www.youtube.com/watch?v=8gZaBLETh3o,20241105
YT_01092,valid,high_confidence,0.9839882,0.96823277773924,./data/raw/youtube/audio/YT_01092.wav,youtube,Kompas Tv Bangka,Kompas Tv Bangka,https://www.youtube.com/watch?v=DprUFUb6mGw,20241211
YT_01432,valid,high_confidence,0.9838794,0.9680186737443599,./data/raw/youtube/audio/YT_01432.wav,youtube,Bisniscom,Bisniscom,https://www.youtube.com/watch?v=HvvM2JdFj0U,20250827
YT_00703,valid,high_confidence,0.9838307,0.9679228462624899,./data/raw/youtube/audio/YT_00703.wav,youtube,Okezone,Okezone,https://www.youtube.com/watch?v=B7AiJ0AW19Q,20241213
YT_00214,valid,high_confidence,0.9837569,0.9677776382976101,./data/raw/youtube/audio/YT_00214.wav,youtube,Official iNews,Official iNews,https://www.youtube.com/watch?v=px6TREiMslQ,20251031
YT_00224,valid,high_confidence,0.9836872,0.96764050744384,./data/raw/youtube/audio/YT_00224.wav,youtube,Tribun Sumsel,Tribun Sumsel,https://www.youtube.com/watch?v=quMVc_io8d8,20251030
YT_01032,valid,high_confidence,0.98368603,0.9676382056171609,./data/raw/youtube/audio/YT_01032.wav,youtube,tvOneNews ,tvOneNews ,https://www.youtube.com/watch?v=upYTwZuDtno,20250918
YT_00650,valid,high_confidence,0.9836584,0.9675838478905601,./data/raw/youtube/audio/YT_00650.wav,youtube,Tribun MedanTV,Tribun MedanTV,https://www.youtube.com/watch?v=uHwPxYsL154,20251103
YT_00846,valid,high_confidence,0.9835723,0.9674144693272899,./data/raw/youtube/audio/YT_00846.wav,youtube,tvOneNews ,tvOneNews ,https://www.youtube.com/watch?v=AuICJWYAUyc,20251018
YT_00188,valid,high_confidence,0.983564,0.967398142096,./data/raw/youtube/audio/YT_00188.wav,youtube,Official iNews,Official iNews,https://www.youtube.com/watch?v=tVeEDs-5KQQ,20251020
YT_01382,valid,high_confidence,0.9835495,0.96736961895025,./data/raw/youtube/audio/YT_01382.wav,youtube,METRO TV ,METRO TV ,https://www.youtube.com/watch?v=FvgieKMvXcs,20250708
YT_01531,valid,high_confidence,0.9834774,0.96722779631076,./data/raw/youtube/audio/YT_01531.wav,youtube,Kompas.com,Kompas.com,https://www.youtube.com/watch?v=9XJBWBU0wCE,20251107
YT_00639,valid,high_confidence,0.9833981,0.9670718230836101,./data/raw/youtube/audio/YT_00639.wav,youtube,KBS WORLD Indonesian,KBS WORLD Indonesian,https://www.youtube.com/watch?v=qP5Wndpory4,20250909
YT_00212,valid,high_confidence,0.9832412,0.9667632573774401,./data/raw/youtube/audio/YT_00212.wav,youtube,Tribunnews,Tribunnews,https://www.youtube.com/watch?v=joO8QS5i7zo,20251031
YT_00469,valid,high_confidence,0.9832375,0.96675598140625,./data/raw/youtube/audio/YT_00469.wav,youtube,Kompas.com,Kompas.com,https://www.youtube.com/watch?v=fRogHAorzgY,20251105
YT_00210,valid,high_confidence,0.9832077,0.9666973813392901,./data/raw/youtube/audio/YT_00210.wav,youtube,KOMPASTV,KOMPASTV,https://www.youtube.com/watch?v=jls4-ziUFbY,20251007
YT_00489,valid,high_confidence,0.9831972,0.9666767340878399,./data/raw/youtube/audio/YT_00489.wav,youtube,Kementerian Hukum Sumsel,Kementerian Hukum Sumsel,https://www.youtube.com/watch?v=_gAXMLAbSXY,20250107
YT_01230,valid,high_confidence,0.9831955,0.96667339122025,./data/raw/youtube/audio/YT_01230.wav,youtube,IDX CHANNEL,IDX CHANNEL,https://www.youtube.com/watch?v=qP25NNjtRyA,20251106
YT_00196,valid,high_confidence,0.98318565,0.9666540223659226,./data/raw/youtube/audio/YT_00196.wav,youtube,Kompas.com,Kompas.com,https://www.youtube.com/watch?v=p22ke574VqE,20251020
YT_00216,valid,high_confidence,0.98317873,0.9666404151244129,./data/raw/youtube/audio/YT_00216.wav,youtube,Tribunnews,Tribunnews,https://www.youtube.com/watch?v=rKD4S14r-fg,20251031
YT_00494,valid,high_confidence,0.9831771,0.96663720996441,./data/raw/youtube/audio/YT_00494.wav,youtube,METRO TV ,METRO TV ,https://www.youtube.com/watch?v=s7XkwiHjdLU,20251106
YT_00965,valid,high_confidence,0.98307645,0.9664393065446025,./data/raw/youtube/audio/YT_00965.wav,youtube,KEJAKSAAN RI,KEJAKSAAN RI,https://www.youtube.com/watch?v=IQ-_Goa8cyU,20250717
YT_00248,valid,high_confidence,0.98301125,0.9663111176265625,./data/raw/youtube/audio/YT_00248.wav,youtube,Toll News,Toll News,https://www.youtube.com/watch?v=VUTyO95nIr0,20241210
YT_00291,valid,high_confidence,0.9829648,0.9662197980390399,./data/raw/youtube/audio/YT_00291.wav,youtube,Official iNews,Official iNews,https://www.youtube.com/watch?v=7CuiroAs7vY,20251027
YT_00264,valid,high_confidence,0.9829245,0.96614057270025,./data/raw/youtube/audio/YT_00264.wav,youtube,,,https://www.youtube.com/watch?v=BOsk6QD2nM0,20251029
YT_00174,valid,high_confidence,0.98291135,0.9661147219588224,./data/raw/youtube/audio/YT_00174.wav,youtube,CNBC Indonesia,CNBC Indonesia,https://www.youtube.com/watch?v=vzG4eXNf47o,20250522
YT_00974,valid,high_confidence,0.98285866,0.9660111455369956,./data/raw/youtube/audio/YT_00974.wav,youtube,KEJAKSAAN RI,KEJAKSAAN RI,https://www.youtube.com/watch?v=CE5IJQQ3YVg,20250117
YT_00071,valid,high_confidence,0.9826797,0.9656593927920901,./data/raw/youtube/audio/YT_00071.wav,youtube,Harian Kompas,Harian Kompas,https://www.youtube.com/watch?v=4UiWy4nUtq8,20250216
YT_01192,valid,high_confidence,0.982612,0.965526342544,./data/raw/youtube/audio/YT_01192.wav,youtube,MerdekaDotCom,MerdekaDotCom,https://www.youtube.com/watch?v=u5ZsCWtKeP8,20251103
YT_01373,valid,high_confidence,0.9825979,0.9654986330844101,./data/raw/youtube/audio/YT_01373.wav,youtube,METRO TV ,METRO TV ,https://www.youtube.com/watch?v=8-bbHOG2YUQ,20251106
YT_00407,valid,high_confidence,0.9825525,0.9654094152562501,./data/raw/youtube/audio/YT_00407.wav,youtube,VIVA.CO.ID,VIVA.CO.ID,https://www.youtube.com/watch?v=KTPmcm79V9A,20250617
YT_01257,valid,high_confidence,0.9825266,0.96535851970756,./data/raw/youtube/audio/YT_01257.wav,youtube,INFO REAL BANSOS,INFO REAL BANSOS,https://www.youtube.com/watch?v=kfdQw6JGqXI,20251105
YT_00880,valid,high_confidence,0.98251003,0.9653259590506009,./data/raw/youtube/audio/YT_00880.wav,youtube,METRO TV ,METRO TV ,https://www.youtube.com/watch?v=vX89K66y9DI,20241027
YT_00374,valid,high_confidence,0.98238766,0.9650855145202756,./data/raw/youtube/audio/YT_00374.wav,youtube,KOMPASTV,KOMPASTV,https://www.youtube.com/watch?v=NspTKJACA0Y,20251103
YT_00205,valid,high_confidence,0.9823245,0.9649614233002501,./data/raw/youtube/audio/YT_00205.wav,youtube,Banjarmasin Post News Video,Banjarmasin Post News Video,https://www.youtube.com/watch?v=uLOEy0yPY5Q,20251028
YT_01554,valid,high_confidence,0.9822619,0.96483844019161,./data/raw/youtube/audio/YT_01554.wav,youtube,byaqis,byaqis,https://www.youtube.com/watch?v=_vJ2z_-ow4k,20251028
YT_00722,valid,high_confidence,0.98223996,0.9647953390208016,./data/raw/youtube/audio/YT_00722.wav,youtube,CNN Indonesia,CNN Indonesia,https://www.youtube.com/watch?v=wcHCs9Y9io8,20251029
YT_00172,valid,high_confidence,0.9822171,0.9647504315324099,./data/raw/youtube/audio/YT_00172.wav,youtube,IDX CHANNEL,IDX CHANNEL,https://www.youtube.com/watch?v=OqCM9KDZM6A,20251027
YT_00882,valid,high_confidence,0.9821937,0.9647044643196899,./data/raw/youtube/audio/YT_00882.wav,youtube,METRO TV ,METRO TV ,https://www.youtube.com/watch?v=aYduxejpanQ,20241128
YT_01520,valid,high_confidence,0.9820856,0.96449212572736,./data/raw/youtube/audio/YT_01520.wav,youtube,Decoding Asia,Decoding Asia,https://www.youtube.com/watch?v=238q7fCoCZs,20251104
YT_00355,valid,high_confidence,0.98207676,0.9644747625320976,./data/raw/youtube/audio/YT_00355.wav,youtube,METRO TV JABAR & BANTEN,METRO TV JABAR & BANTEN,https://www.youtube.com/watch?v=nF79NeQZwy0,20250909
YT_00116,valid,high_confidence,0.98201215,0.9643478627476224,./data/raw/youtube/audio/YT_00116.wav,youtube,Winda Oktavia Dwi Bahari ,Winda Oktavia Dwi Bahari ,https://www.youtube.com/watch?v=_3S56Drs0_8,20241219
YT_01171,valid,high_confidence,0.9819613,0.9642479946976901,./data/raw/youtube/audio/YT_01171.wav,youtube,Warta Kota Production,Warta Kota Production,https://www.youtube.com/watch?v=EEzhhPy_puw,20251030
YT_00602,valid,high_confidence,0.9819162,0.96415942382244,./data/raw/youtube/audio/YT_00602.wav,youtube,KOMPASTV SORONG,KOMPASTV SORONG,https://www.youtube.com/watch?v=E_PQ9YgoRRQ,20250716
YT_00780,valid,high_confidence,0.98189765,0.9641229950755225,./data/raw/youtube/audio/YT_00780.wav,youtube,KOMPASTV,KOMPASTV,https://www.youtube.com/watch?v=uAhq4FFCNCA,20250110
YT_01341,valid,high_confidence,0.98185813,0.9640453874470969,./data/raw/youtube/audio/YT_01341.wav,youtube,METRO TV ,METRO TV ,https://www.youtube.com/watch?v=SwU2lcEpn3k,20251020
YT_00070,valid,high_confidence,0.9816839,0.9637032795192101,./data/raw/youtube/audio/YT_00070.wav,youtube,Partai X,Partai X,https://www.youtube.com/watch?v=95IQ5TDkchE,20250826
YT_00459,valid,high_confidence,0.9816507,0.96363809681049,./data/raw/youtube/audio/YT_00459.wav,youtube,CNN Indonesia,CNN Indonesia,https://www.youtube.com/watch?v=_RovLkzEJN8,20251104
YT_01231,valid,high_confidence,0.98163545,0.9636081566967024,./data/raw/youtube/audio/YT_01231.wav,youtube,KONTAN TV,KONTAN TV,https://www.youtube.com/watch?v=16002emKUk8,20250423
YT_00501,valid,high_confidence,0.98158455,0.9635082287987025,./data/raw/youtube/audio/YT_00501.wav,youtube,DW News,DW News,https://www.youtube.com/watch?v=CIU2QX_dPOY,20251103
YT_01440,valid,high_confidence,0.98157984,0.9634989822944255,./data/raw/youtube/audio/YT_01440.wav,youtube,KOMPASTV,KOMPASTV,https://www.youtube.com/watch?v=tsDg7GmzpDM,20250828
YT_00120,valid,high_confidence,0.9815391,0.96341900482881,./data/raw/youtube/audio/YT_00120.wav,youtube,METRO TV ,METRO TV ,https://www.youtube.com/watch?v=VwDD7JiUFy8,20251016
YT_01138,valid,high_confidence,0.9814461,0.96323644720521,./data/raw/youtube/audio/YT_01138.wav,youtube,tvOnenewscom,tvOnenewscom,https://www.youtube.com/watch?v=yzaxujrIz4w,20250902
YT_00297,valid,high_confidence,0.98134226,0.9630326312619076,./data/raw/youtube/audio/YT_00297.wav,youtube,ABC News In-depth,ABC News In-depth,https://www.youtube.com/watch?v=41cZZRX0ZQg,20250914
